album_name,pub_date,price
Imagine,9/9/1971,9.99
2525 (Exordium & Terminus),7/1/1969,25.99
No One's Gonna Change Our World,12/12/1969,39.35
Moondance Studio Album,8/1/1969,14.99
Clouds,5/1/1969,9.99
Sounds of Silence Studio Album,1/17/1966,9.99
Abbey Road,1/10/1969,12.99
Smiley Smile,9/18/1967,5.99





Let Go,2002,7.51,Head Above Water,2019,10.49,Avril Lavigne,2013,27.69,,2004,9.99,Goodbye Lullaby,2011,5.99
Let Go,2002,7.51,Head Above Water,2019,10.49,Avril Lavigne,2013,27.69,,2004,9.99,Goodbye Lullaby,2011,5.99
Let Go,2002,7.51,Head Above Water,2019,10.49,Avril Lavigne,2013,27.69,,2004,9.99,Goodbye Lullaby,2011,5.99
Let Go,2002,7.51,Head Above Water,2019,10.49,Avril Lavigne,2013,27.69,,2004,9.99,Goodbye Lullaby,2011,5.99
Let Go,2002,7.51,Head Above Water,2019,10.49,Avril Lavigne,2013,27.69,,2004,9.99,Goodbye Lullaby,2011,5.99
Let Go,2002,7.51
Head Above Water,2019,10.49
Avril Lavigne,2013,27.69
Under My Skin,2004,9.99
Goodbye Lullaby,2011,5.99
